Id,ActivityDate,ActivityDay,TotalSteps,TotalDistance,VeryActiveMinutes,FairlyActiveMinutes,LightlyActiveMinutes,SedentaryMinutes,Calories
1503960366,4/12/2016,Tue,13162,5.28,25,13,328,728,1985
1503960366,4/13/2016,Wed,10735,4.33,21,19,217,776,1797
1503960366,4/14/2016,Thu,10460,4.19,30,11,181,1218,1776
1503960366,4/15/2016,Fri,9762,3.9,29,34,209,726,1745
1503960366,4/16/2016,Sat,12669,5.07,36,10,221,773,1863
1503960366,4/17/2016,Sun,9705,4.03,38,20,164,539,1728
1503960366,4/18/2016,Mon,13019,5.34,42,16,233,1149,1921
1503960366,4/19/2016,Tue,15506,6.14,50,31,264,775,2035
1503960366,4/20/2016,Wed,10544,4.15,28,12,205,818,1786
1503960366,4/21/2016,Thu,9819,3.94,19,8,211,838,1775
1503960366,4/22/2016,Fri,12764,5.05,66,27,130,1217,1827
1503960366,4/23/2016,Sat,14371,5.62,41,21,262,732,1949
1503960366,4/24/2016,Sun,10039,3.98,39,5,238,709,1788
1503960366,4/25/2016,Mon,15355,6.09,73,14,216,814,2013
1503960366,4/26/2016,Tue,13755,5.46,31,23,279,833,1970
1503960366,4/27/2016,Wed,18134,7.59,78,11,243,1108,2159
1503960366,4/28/2016,Thu,13154,5.3,48,28,189,782,1898
1503960366,4/29/2016,Fri,11181,4.44,16,12,243,815,1837
1503960366,4/30/2016,Sat,14673,5.75,52,34,217,712,1947
1503960366,5/1/2016,Sun,10602,4.23,33,35,246,730,1820
1503960366,5/2/2016,Mon,14727,6.03,41,15,277,798,2004
1503960366,5/3/2016,Tue,15103,6.0,50,24,254,816,1990
1503960366,5/4/2016,Wed,11100,4.44,36,22,203,1179,1819
1503960366,5/5/2016,Thu,14070,5.53,45,24,250,857,1959
1503960366,5/6/2016,Fri,12159,4.99,24,6,289,754,1896
1503960366,5/7/2016,Sat,11992,4.79,37,46,175,833,1821
1503960366,5/8/2016,Sun,10060,4.09,44,8,203,574,1740
1503960366,5/9/2016,Mon,12022,4.8,46,11,206,835,1819
1503960366,5/10/2016,Tue,12207,4.83,46,31,214,746,1859
1503960366,5/11/2016,Wed,12770,5.05,36,23,251,669,1783
1624580081,4/12/2016,Tue,8163,3.3,0,0,146,1294,1432
1624580081,4/13/2016,Wed,7007,2.83,0,0,148,1292,1411
1624580081,4/14/2016,Thu,9107,3.68,0,0,236,1204,1572
1624580081,4/15/2016,Fri,1510,0.61,0,0,96,1344,1344
1624580081,4/16/2016,Sat,5370,2.17,0,0,176,1264,1463
1624580081,4/17/2016,Sun,6175,2.52,15,22,127,1276,1554
1624580081,4/18/2016,Mon,10536,4.6,17,7,202,1214,1604
1624580081,4/19/2016,Tue,2916,1.18,0,0,141,1299,1435
1624580081,4/20/2016,Wed,4974,2.01,0,0,151,1289,1446
1624580081,4/21/2016,Thu,6349,2.57,0,0,186,1254,1467
1624580081,4/22/2016,Fri,4026,1.63,0,0,199,1241,1470
1624580081,4/23/2016,Sat,8538,3.45,0,0,227,1213,1562
1624580081,4/24/2016,Sun,6076,2.45,16,18,185,1221,1617
1624580081,4/25/2016,Mon,6497,2.62,0,0,202,1238,1492
1624580081,4/26/2016,Tue,2826,1.14,0,0,140,1300,1402
1624580081,4/27/2016,Wed,8367,3.38,17,36,154,1233,1670
1624580081,4/28/2016,Thu,2759,1.11,0,5,115,1320,1401
1624580081,4/29/2016,Fri,2390,0.96,0,0,150,1290,1404
1624580081,4/30/2016,Sat,6474,2.67,11,23,224,1182,1655
1624580081,5/1/2016,Sun,36019,17.42,186,63,171,1020,2690
1624580081,5/2/2016,Mon,7155,3.06,7,6,166,1261,1497
1624580081,5/3/2016,Tue,2100,0.85,0,0,96,1344,1334
1624580081,5/4/2016,Wed,2193,0.89,0,0,118,1322,1368
1624580081,5/5/2016,Thu,2470,1.0,0,0,117,1323,1370
1624580081,5/6/2016,Fri,1727,0.7,0,0,102,1338,1341
1624580081,5/7/2016,Sat,2104,0.85,0,0,182,1258,1474
1624580081,5/8/2016,Sun,3427,1.39,0,0,152,1288,1427
1624580081,5/9/2016,Mon,1732,0.7,0,0,91,1349,1328
1624580081,5/10/2016,Tue,2969,1.2,0,0,139,1301,1393
1624580081,5/11/2016,Wed,3134,1.27,0,0,112,1328,1359
1624580081,5/12/2016,Thu,2971,1.2,0,0,107,890,1002
1644430081,4/12/2016,Tue,10694,4.83,2,51,256,1131,3199
1644430081,4/13/2016,Wed,8001,3.62,30,16,135,1259,2902
1644430081,4/14/2016,Thu,11037,4.98,5,58,252,1125,3226
1644430081,4/15/2016,Fri,5263,2.38,3,4,170,1263,2750
1644430081,4/16/2016,Sat,15300,6.91,51,42,212,1135,3493
1644430081,4/17/2016,Sun,8757,3.96,29,13,186,1212,3011
1644430081,4/18/2016,Mon,7132,3.22,15,33,121,1271,2806
1644430081,4/19/2016,Tue,11256,5.08,5,58,278,1099,3300
1644430081,4/20/2016,Wed,2436,1.1,0,0,125,1315,2430
1644430081,4/21/2016,Thu,1223,0.55,0,0,38,1402,2140
1644430081,4/22/2016,Fri,3673,1.66,0,0,86,1354,2344
1644430081,4/23/2016,Sat,6637,3.0,0,15,160,1265,2677
1644430081,4/24/2016,Sun,3321,1.5,0,0,89,1351,2413
1644430081,4/25/2016,Mon,3580,1.62,8,1,94,1337,2497
1644430081,4/26/2016,Tue,9919,4.48,11,41,223,1165,3123
1644430081,4/27/2016,Wed,3032,1.37,0,0,118,1322,2489
1644430081,4/28/2016,Thu,9405,4.25,3,53,227,1157,3108
1644430081,4/29/2016,Fri,3176,1.44,0,0,120,1193,2498
1644430081,4/30/2016,Sat,18213,8.23,9,71,402,816,3846
1644430081,5/1/2016,Sun,6132,2.77,3,24,146,908,2696
1644430081,5/2/2016,Mon,3758,1.7,1,7,148,682,2580
1644430081,5/3/2016,Tue,12850,5.8,10,94,221,1115,3324
1644430081,5/4/2016,Wed,2309,1.04,0,0,52,1388,2222
1644430081,5/5/2016,Thu,4363,1.98,6,12,81,1341,2463
1644430081,5/6/2016,Fri,9787,4.42,11,6,369,1054,3328
1644430081,5/7/2016,Sat,13372,6.04,41,17,243,1139,3404
1644430081,5/8/2016,Sun,6724,3.04,0,0,295,991,2987
1644430081,5/9/2016,Mon,6643,3.0,32,6,303,1099,3008
1644430081,5/10/2016,Tue,9167,4.14,12,19,155,1254,2799
1644430081,5/11/2016,Wed,1329,0.6,0,0,49,713,1276
1844505072,4/12/2016,Tue,6697,2.75,0,0,339,1101,2030
1844505072,4/13/2016,Wed,4929,2.03,0,0,248,1192,1860
1844505072,4/14/2016,Thu,7937,3.26,0,0,373,843,2130
1844505072,4/15/2016,Fri,3844,1.58,0,0,176,527,1725
1844505072,4/16/2016,Sat,3414,1.4,0,0,147,1293,1657
1844505072,4/17/2016,Sun,4525,1.86,2,8,199,1231,1793
1844505072,4/18/2016,Mon,4597,1.89,0,12,217,1211,1814
1844505072,4/21/2016,Thu,8054,3.31,2,13,308,1117,2062
1844505072,4/22/2016,Fri,5372,2.21,0,0,220,1220,1827
1844505072,4/23/2016,Sat,3570,1.47,0,0,139,1301,1645
1844505072,4/28/2016,Thu,6907,2.84,0,0,302,1138,1992
1844505072,4/29/2016,Fri,4920,2.02,0,0,247,1082,1856
1844505072,4/30/2016,Sat,4014,1.66,0,0,184,218,1763
1844505072,5/1/2016,Sun,2573,1.06,0,7,75,585,1541
1844505072,5/3/2016,Tue,4059,1.67,0,0,184,1256,1742
1844505072,5/4/2016,Wed,2080,0.85,0,0,87,1353,1549
1844505072,5/5/2016,Thu,2237,0.92,0,0,120,1320,1589
1927972279,4/12/2016,Tue,678,0.29,0,0,55,734,2220
1927972279,4/14/2016,Thu,2163,0.93,0,9,88,1292,2383
1927972279,4/15/2016,Fri,980,0.42,0,0,51,941,2221
1927972279,4/23/2016,Sat,2945,1.27,0,0,145,1295,2499
1927972279,4/24/2016,Sun,2090,0.9,1,6,75,1358,2324
1927972279,4/26/2016,Tue,3761,1.62,0,0,192,1058,2638
1927972279,4/28/2016,Thu,1675,0.72,0,0,95,1167,2351
1927972279,5/1/2016,Sun,2704,1.16,14,1,70,1355,2411
1927972279,5/2/2016,Mon,3790,1.63,16,8,94,1322,2505
1927972279,5/3/2016,Tue,1326,0.57,10,0,17,1413,2195
1927972279,5/4/2016,Wed,1786,0.77,0,0,87,1353,2338
1927972279,5/6/2016,Fri,2091,0.9,0,0,108,1332,2383
1927972279,5/7/2016,Sat,1510,0.65,0,0,48,1392,2229
2022484408,4/12/2016,Tue,11875,5.18,42,14,227,1157,2390
2022484408,4/13/2016,Wed,12024,5.28,43,5,292,1100,2601
2022484408,4/14/2016,Thu,10690,4.66,32,3,257,1148,2312
2022484408,4/15/2016,Fri,11034,4.99,27,9,282,1122,2525
2022484408,4/16/2016,Sat,10100,4.41,41,11,151,1237,2177
2022484408,4/17/2016,Sun,15112,7.08,28,29,331,1052,2782
2022484408,4/18/2016,Mon,14131,6.26,48,3,311,1078,2770
2022484408,4/19/2016,Tue,11548,5.3,31,7,250,1152,2489
2022484408,4/20/2016,Wed,15112,6.63,48,63,276,1053,2897
2022484408,4/21/2016,Thu,12453,5.43,104,53,255,1028,3158
2022484408,4/22/2016,Fri,12954,5.8,52,10,273,1105,2638
2022484408,4/23/2016,Sat,6001,2.62,0,0,249,1191,2069
2022484408,4/24/2016,Sun,13481,6.39,37,26,216,1161,2529
2022484408,4/25/2016,Mon,11369,4.98,44,8,217,1171,2470
2022484408,4/26/2016,Tue,10119,4.47,55,24,275,1086,2793
2022484408,4/27/2016,Wed,10159,4.43,19,20,282,1119,2463
2022484408,4/28/2016,Thu,10140,4.42,6,20,291,1123,2296
2022484408,4/29/2016,Fri,10245,4.47,21,40,281,1098,2611
2022484408,4/30/2016,Sat,18387,8.02,13,23,361,1043,2732
2022484408,5/1/2016,Sun,10538,4.6,25,28,245,1142,2380
2022484408,5/2/2016,Mon,10379,4.53,36,8,277,1119,2473
2022484408,5/3/2016,Tue,12183,5.43,72,14,250,1104,2752
2022484408,5/4/2016,Wed,11768,5.15,36,27,272,1105,2649
2022484408,5/5/2016,Thu,11895,5.19,55,20,253,1112,2609
2022484408,5/6/2016,Fri,10227,4.46,24,17,295,1104,2498
2022484408,5/7/2016,Sat,6708,2.93,20,2,149,1269,1995
2022484408,5/8/2016,Sun,3292,1.44,0,0,135,1305,1848
2022484408,5/9/2016,Mon,13379,5.83,35,47,297,1061,2709
2022484408,5/10/2016,Tue,12798,5.58,57,28,271,1084,2797
2022484408,5/11/2016,Wed,13272,5.79,58,25,224,1133,2544
2022484408,5/12/2016,Thu,9117,3.98,16,16,236,728,1853
2026352035,4/12/2016,Tue,4414,1.7,3,8,181,706,1459
2026352035,4/13/2016,Wed,4993,1.93,0,0,238,663,1521
2026352035,4/14/2016,Thu,3335,1.29,0,0,197,653,1431
2026352035,4/15/2016,Fri,3821,1.47,0,0,188,687,1444
2026352035,4/16/2016,Sat,2547,0.98,0,0,150,728,1373
2026352035,4/17/2016,Sun,838,0.32,0,0,60,1053,1214
2026352035,4/18/2016,Mon,3325,1.28,0,0,182,1062,1419
2026352035,4/19/2016,Tue,2424,0.93,0,0,141,785,1356
2026352035,4/20/2016,Wed,7222,2.78,0,0,327,623,1667
2026352035,4/21/2016,Thu,2467,0.95,0,0,153,749,1370
2026352035,4/22/2016,Fri,2915,1.12,0,0,162,712,1399
2026352035,4/23/2016,Sat,12357,4.79,0,0,432,458,1916
2026352035,4/24/2016,Sun,3490,1.34,0,0,164,704,1401
2026352035,4/25/2016,Mon,6017,2.32,0,0,260,821,1576
2026352035,4/26/2016,Tue,5933,2.29,0,0,288,1018,1595
2026352035,4/27/2016,Wed,6088,2.34,0,0,286,586,1593
2026352035,4/28/2016,Thu,6375,2.45,0,0,331,626,1649
2026352035,4/29/2016,Fri,7604,2.93,0,0,352,492,1692
2026352035,4/30/2016,Sat,4729,1.82,0,0,233,594,1506
2026352035,5/1/2016,Sun,3609,1.42,0,0,191,716,1447
2026352035,5/2/2016,Mon,7018,2.7,0,0,355,716,1690
2026352035,5/3/2016,Tue,5992,2.31,0,0,304,981,1604
2026352035,5/4/2016,Wed,6564,2.53,0,0,345,530,1658
2026352035,5/5/2016,Thu,12167,4.69,0,0,475,479,1926
2026352035,5/6/2016,Fri,8198,3.16,0,0,383,511,1736
2026352035,5/7/2016,Sat,4193,1.62,0,0,229,665,1491
2026352035,5/8/2016,Sun,5528,2.14,0,0,258,610,1555
2026352035,5/9/2016,Mon,10685,4.11,0,0,401,543,1869
2026352035,5/11/2016,Wed,8580,3.31,0,0,330,569,1698
2026352035,5/12/2016,Thu,8891,3.42,0,0,343,330,1364
2320127002,4/12/2016,Tue,10725,4.65,13,9,306,1112,2124
2320127002,4/13/2016,Wed,7275,3.04,0,0,335,1105,2003
2320127002,4/14/2016,Thu,3973,1.67,0,0,191,1249,1696
2320127002,4/15/2016,Fri,5205,2.18,0,0,245,1195,1801
2320127002,4/16/2016,Sat,5057,2.12,0,0,195,1245,1724
2320127002,4/17/2016,Sun,6198,2.6,0,0,249,1191,1852
2320127002,4/18/2016,Mon,6559,2.75,0,7,260,1173,1905
2320127002,4/19/2016,Tue,5997,2.51,0,11,228,1201,1811
2320127002,4/20/2016,Wed,7192,3.01,0,11,283,1146,1922
2320127002,4/21/2016,Thu,3404,1.42,1,10,127,1302,1610
2320127002,4/22/2016,Fri,5583,2.34,0,0,266,1174,1851
2320127002,4/23/2016,Sat,5079,2.13,0,0,242,1129,1804
2320127002,4/24/2016,Sun,4165,1.75,0,0,204,1236,1725
2320127002,4/25/2016,Mon,3588,1.5,3,5,152,1280,1654
2320127002,4/26/2016,Tue,3409,1.43,0,0,147,1293,1632
2320127002,4/27/2016,Wed,1715,0.72,0,0,82,1358,1481
2320127002,4/28/2016,Thu,1532,0.64,0,0,76,1364,1473
2320127002,4/29/2016,Fri,924,0.39,0,0,45,1395,1410
2320127002,4/30/2016,Sat,4571,1.91,0,0,234,1206,1779
2320127002,5/1/2016,Sun,772,0.32,0,0,40,1400,1403
2320127002,5/2/2016,Mon,3634,1.52,5,6,123,1306,1613
2320127002,5/3/2016,Tue,7443,3.12,20,10,206,1204,1878
2320127002,5/4/2016,Wed,1201,0.5,0,0,52,1388,1426
2320127002,5/5/2016,Thu,5202,2.18,0,11,223,1206,1780
2320127002,5/6/2016,Fri,4878,2.04,0,0,204,1236,1742
2320127002,5/7/2016,Sat,7379,3.09,0,0,319,1121,1972
2320127002,5/8/2016,Sun,5161,2.16,0,0,247,1193,1821
2320127002,5/9/2016,Mon,3090,1.29,0,0,145,1295,1630
2320127002,5/10/2016,Tue,6227,2.61,0,0,290,1150,1899
2320127002,5/11/2016,Wed,6424,2.69,0,0,300,1140,1903
2320127002,5/12/2016,Thu,2661,1.11,0,0,128,830,1125
2347167796,4/12/2016,Tue,10113,4.24,28,13,320,964,2344
2347167796,4/13/2016,Wed,10352,4.36,19,32,195,676,2038
2347167796,4/14/2016,Thu,10129,4.16,1,48,206,705,2010
2347167796,4/15/2016,Fri,10465,4.3,1,24,284,720,2133
2347167796,4/16/2016,Sat,22244,9.37,66,72,268,968,2670
2347167796,4/17/2016,Sun,5472,2.25,1,7,249,508,1882
2347167796,4/18/2016,Mon,8247,3.39,11,16,206,678,1944
2347167796,4/19/2016,Tue,6711,2.76,0,7,382,648,2346
2347167796,4/20/2016,Wed,10999,4.52,11,43,269,1011,2198
2347167796,4/21/2016,Thu,10080,4.19,23,26,208,761,2048
2347167796,4/22/2016,Fri,7804,3.21,9,27,206,781,1946
2347167796,4/23/2016,Sat,16901,7.06,32,35,360,591,2629
2347167796,4/24/2016,Sun,9471,3.89,0,0,360,584,2187
2347167796,4/25/2016,Mon,9482,3.96,15,11,277,653,2095
2347167796,4/26/2016,Tue,5980,2.45,0,0,227,732,1861
2347167796,4/27/2016,Wed,11423,4.71,26,9,295,623,2194
2347167796,4/28/2016,Thu,5439,2.24,0,0,229,764,1854
2873212765,4/12/2016,Tue,8796,3.67,2,21,356,1061,1982
2873212765,4/13/2016,Wed,7618,3.18,0,8,404,1028,2004
2873212765,4/14/2016,Thu,7910,3.31,0,0,331,1109,1893
2873212765,4/15/2016,Fri,8482,3.54,0,0,448,992,2063
2873212765,4/16/2016,Sat,9685,4.13,47,1,305,1087,2148
2873212765,4/17/2016,Sun,2524,1.06,0,8,160,1272,1529
2873212765,4/18/2016,Mon,7762,3.26,1,6,311,1122,1890
2873212765,4/19/2016,Tue,7948,3.34,0,0,389,1051,1956
2873212765,4/20/2016,Wed,9202,3.91,22,5,378,1035,2094
2873212765,4/21/2016,Thu,8859,3.72,2,10,371,1057,1970
2873212765,4/22/2016,Fri,7286,3.04,46,0,366,1028,2241
2873212765,4/23/2016,Sat,9317,3.95,28,5,330,1077,2021
2873212765,4/24/2016,Sun,6873,2.91,46,1,190,1203,1898
2873212765,4/25/2016,Mon,7373,3.08,0,0,359,1081,1907
2873212765,4/26/2016,Tue,8242,3.44,2,5,309,1124,1882
2873212765,4/27/2016,Wed,3516,1.47,46,0,197,1197,1966
2873212765,4/28/2016,Thu,7913,3.36,28,7,213,1192,1835
2873212765,4/29/2016,Fri,7365,3.08,20,23,206,1191,1780
2873212765,4/30/2016,Sat,8452,3.53,5,20,248,1167,1830
2873212765,5/1/2016,Sun,7399,3.09,7,18,196,1219,1739
2873212765,5/2/2016,Mon,7525,3.14,0,7,334,1099,1878
2873212765,5/3/2016,Tue,7412,3.09,1,6,363,1070,1906
2873212765,5/4/2016,Wed,8278,3.45,0,0,420,1020,2015
2873212765,5/5/2016,Thu,8314,3.49,13,23,311,1093,1971
2873212765,5/6/2016,Fri,7063,2.95,0,5,370,1065,1910
2873212765,5/7/2016,Sat,4940,2.1,75,11,52,1302,1897
2873212765,5/8/2016,Sun,8168,3.44,46,0,326,1068,2096
2873212765,5/9/2016,Mon,7726,3.22,0,0,345,1095,1906
2873212765,5/10/2016,Tue,8275,3.45,0,0,373,1067,1962
2873212765,5/11/2016,Wed,6440,2.69,0,0,319,1121,1826
2873212765,5/12/2016,Thu,7566,3.18,0,0,268,720,1431
3372868164,4/12/2016,Tue,4747,2.01,0,0,280,1160,1788
3372868164,4/13/2016,Wed,9715,4.12,16,8,371,1045,2093
3372868164,4/14/2016,Thu,8844,3.75,6,25,370,1039,2065
3372868164,4/15/2016,Fri,7451,3.16,0,0,335,1105,1908
3372868164,4/16/2016,Sat,6905,2.94,0,0,356,1084,1908
3372868164,4/17/2016,Sun,8199,3.65,11,2,322,1105,1964
3372868164,4/18/2016,Mon,6798,2.88,20,7,343,1070,2014
3372868164,4/19/2016,Tue,7711,3.27,0,0,376,1064,1985
3372868164,4/20/2016,Wed,4880,2.07,15,3,274,1148,1867
3372868164,4/21/2016,Thu,8857,3.77,18,9,376,1037,2124
3372868164,4/22/2016,Fri,3843,1.63,0,0,206,1234,1669
3372868164,4/23/2016,Sat,7396,3.15,20,2,303,1115,1995
3372868164,4/24/2016,Sun,6731,2.85,14,7,292,1127,1921
3372868164,4/25/2016,Mon,5995,2.54,0,0,416,1024,2010
3372868164,4/26/2016,Tue,8283,3.6,22,2,333,1083,2057
3372868164,4/27/2016,Wed,7904,3.37,24,13,346,1057,2095
3372868164,4/28/2016,Thu,5512,2.34,0,0,385,1055,1972
3372868164,4/29/2016,Fri,9135,3.87,0,0,402,1038,2044
3372868164,4/30/2016,Sat,5250,2.22,17,4,300,1119,1946
3372868164,5/1/2016,Sun,3077,1.3,0,0,172,842,1237
3977333714,4/12/2016,Tue,8856,3.72,44,19,131,777,1450
3977333714,4/13/2016,Wed,10035,4.17,31,46,153,754,1495
3977333714,4/14/2016,Thu,7641,3.18,5,23,214,801,1433
3977333714,4/15/2016,Fri,9010,3.77,15,42,183,644,1468
3977333714,4/16/2016,Sat,13459,5.59,31,83,153,663,1625
3977333714,4/17/2016,Sun,10415,4.33,11,58,205,600,1529
3977333714,4/18/2016,Mon,11663,4.85,4,95,214,605,1584
3977333714,4/19/2016,Tue,12414,5.46,19,67,221,738,1638
3977333714,4/20/2016,Wed,11658,4.87,2,98,164,845,1554
3977333714,4/21/2016,Thu,6093,2.54,0,0,242,712,1397
3977333714,4/22/2016,Fri,8911,3.7,33,12,188,731,1481
3977333714,4/23/2016,Sat,12058,5.01,0,92,252,724,1638
3977333714,4/24/2016,Sun,14112,6.21,30,95,129,660,1655
3977333714,4/25/2016,Mon,11177,5.27,50,9,133,781,1570
3977333714,4/26/2016,Tue,11388,4.73,7,95,170,797,1551
3977333714,4/27/2016,Wed,7193,3.13,0,10,176,714,1377
3977333714,4/28/2016,Thu,7114,3.03,15,8,190,804,1407
3977333714,4/29/2016,Fri,10645,4.82,36,32,150,744,1545
3977333714,4/30/2016,Sat,13238,5.72,43,52,194,687,1650
3977333714,5/1/2016,Sun,10414,4.39,41,40,124,691,1501
3977333714,5/2/2016,Mon,16520,6.87,24,143,176,713,1760
3977333714,5/3/2016,Tue,14335,5.96,47,41,258,594,1710
3977333714,5/4/2016,Wed,13559,5.87,14,96,142,852,1628
3977333714,5/5/2016,Thu,12312,5.33,14,88,178,680,1618
3977333714,5/6/2016,Fri,11677,5.14,29,55,168,676,1590
3977333714,5/7/2016,Sat,11550,4.8,0,86,208,703,1574
3977333714,5/8/2016,Sun,13585,5.65,9,116,171,688,1633
3977333714,5/9/2016,Mon,14687,6.26,8,122,151,1159,1667
3977333714,5/10/2016,Tue,13072,5.46,1,115,196,676,1630
3977333714,5/11/2016,Wed,746,0.31,4,0,9,13,52
4020332650,4/12/2016,Tue,8539,3.8,4,15,331,712,3654
4020332650,4/15/2016,Fri,1882,0.84,36,18,87,1299,2951
4020332650,4/16/2016,Sat,1982,0.88,65,21,55,1222,3051
4020332650,5/3/2016,Tue,4496,2.0,0,0,174,950,2828
4020332650,5/4/2016,Wed,10252,4.57,13,46,346,531,3879
4020332650,5/5/2016,Thu,11728,5.24,38,42,196,916,3429
4020332650,5/6/2016,Fri,4369,1.94,0,0,177,855,2704
4020332650,5/7/2016,Sat,6132,2.73,0,0,184,1256,2975
4020332650,5/8/2016,Sun,5862,2.61,0,0,263,775,3089
4020332650,5/9/2016,Mon,4556,2.03,3,5,173,1225,2785
4020332650,5/10/2016,Tue,5546,2.47,0,0,206,774,2926
4020332650,5/11/2016,Wed,3689,1.65,2,8,134,1296,2645
4020332650,5/12/2016,Thu,590,0.26,0,0,21,721,1120
4057192912,4/12/2016,Tue,5394,2.5,0,0,164,1276,2286
4057192912,4/13/2016,Wed,5974,2.78,0,0,160,1280,2306
4057192912,4/15/2016,Fri,3984,1.83,3,6,88,873,1527
4319703577,4/12/2016,Tue,7753,3.23,0,0,0,1440,2115
4319703577,4/13/2016,Wed,8204,3.42,8,15,96,1234,2135
4319703577,4/14/2016,Thu,10210,4.28,1,9,339,589,2302
4319703577,4/15/2016,Fri,5664,2.36,0,0,228,752,1985
4319703577,4/16/2016,Sat,4744,1.98,0,0,194,724,1884
4319703577,4/18/2016,Mon,2276,0.96,1,9,58,824,1632
4319703577,4/19/2016,Tue,8925,3.72,0,0,311,604,2200
4319703577,4/20/2016,Wed,8954,3.73,0,18,306,671,2220
4319703577,4/21/2016,Thu,3702,1.54,0,0,34,1265,1792
4319703577,4/22/2016,Fri,4500,1.88,1,19,176,709,1886
4319703577,4/23/2016,Sat,4935,2.06,0,0,233,546,1945
4319703577,4/24/2016,Sun,4081,1.7,1,5,191,692,1880
4319703577,4/25/2016,Mon,9259,3.86,0,8,390,544,2314
4319703577,4/26/2016,Tue,9899,4.13,8,21,288,649,2236
4319703577,4/27/2016,Wed,10780,4.49,6,47,300,680,2324
4319703577,4/28/2016,Thu,10817,4.52,13,8,359,552,2367
4319703577,4/29/2016,Fri,7990,3.33,6,18,289,624,2175
4319703577,4/30/2016,Sat,8221,3.43,6,38,196,695,2092
4319703577,5/1/2016,Sun,1251,0.52,0,0,67,836,1593
4319703577,5/2/2016,Mon,9261,3.88,0,11,344,585,2270
4319703577,5/3/2016,Tue,9648,4.02,8,26,287,669,2235
4319703577,5/4/2016,Wed,10429,4.36,8,13,313,1106,2282
4319703577,5/5/2016,Thu,13658,5.9,27,34,328,957,2530
4319703577,5/6/2016,Fri,9524,3.99,6,11,314,692,2266
4319703577,5/7/2016,Sat,7937,3.31,3,28,279,586,2158
4319703577,5/8/2016,Sun,3672,1.53,0,0,153,603,1792
4319703577,5/9/2016,Mon,10378,4.32,2,14,374,490,2345
4319703577,5/10/2016,Tue,9487,3.96,3,12,329,555,2260
4319703577,5/11/2016,Wed,9129,3.81,3,18,311,574,2232
4388161847,4/12/2016,Tue,10122,4.83,0,0,0,1440,2955
4388161847,4/13/2016,Wed,10993,5.25,1,14,150,1275,3092
4388161847,4/14/2016,Thu,8863,4.24,10,35,219,945,2998
4388161847,4/15/2016,Fri,8758,4.18,0,0,299,837,3066
4388161847,4/16/2016,Sat,6580,3.14,6,9,253,609,3073
4388161847,4/17/2016,Sun,4660,2.22,0,0,201,721,2572
4388161847,4/18/2016,Mon,11009,5.65,27,8,239,1017,3274
4388161847,4/19/2016,Tue,10181,4.87,20,16,249,704,3015
4388161847,4/20/2016,Wed,10553,5.05,19,42,228,696,3083
4388161847,4/21/2016,Thu,10055,4.8,7,12,272,853,3069
4388161847,4/22/2016,Fri,12139,5.8,77,25,220,945,3544
4388161847,4/23/2016,Sat,13236,6.33,58,5,215,749,3306
4388161847,4/24/2016,Sun,10243,4.9,14,8,239,584,2885
4388161847,4/25/2016,Mon,12961,6.2,11,31,301,1054,3288
4388161847,4/26/2016,Tue,9461,4.52,14,23,224,673,2929
4388161847,4/27/2016,Wed,11193,5.35,11,48,241,684,3074
4388161847,4/28/2016,Thu,10074,4.82,19,9,234,878,2969
4388161847,4/29/2016,Fri,9232,4.41,13,16,236,1175,2979
4388161847,4/30/2016,Sat,12533,5.99,14,43,300,537,3283
4388161847,5/1/2016,Sun,10255,4.9,12,15,241,579,2926
4388161847,5/2/2016,Mon,10096,5.22,33,4,204,935,3147
4388161847,5/3/2016,Tue,12727,6.08,18,18,306,984,3290
4388161847,5/4/2016,Wed,12375,5.92,35,21,251,632,3162
4388161847,5/5/2016,Thu,9603,4.59,12,39,199,896,2899
4388161847,5/6/2016,Fri,13175,6.29,33,45,262,1100,3425
4388161847,5/7/2016,Sat,22770,10.9,120,56,260,508,4022
4388161847,5/8/2016,Sun,17298,8.94,107,38,178,576,3934
4388161847,5/9/2016,Mon,10218,4.88,6,19,258,1020,3013
4388161847,5/10/2016,Tue,10299,4.92,13,14,267,648,3061
4388161847,5/11/2016,Wed,10201,4.87,8,18,256,858,2954
4388161847,5/12/2016,Thu,3369,1.61,0,0,108,825,1623
4445114986,4/12/2016,Tue,3276,1.37,0,0,196,787,2113
4445114986,4/13/2016,Wed,2961,1.24,0,0,194,840,2095
4445114986,4/14/2016,Thu,3974,1.66,0,0,231,717,2194
4445114986,4/15/2016,Fri,7198,3.0,0,0,350,711,2496
4445114986,4/16/2016,Sat,3945,1.65,0,0,225,716,2180
4445114986,4/17/2016,Sun,2268,0.94,0,0,114,1219,1933
4445114986,4/18/2016,Mon,6155,2.63,25,6,162,1247,2248
4445114986,4/19/2016,Tue,2064,0.86,0,0,121,895,1954
4445114986,4/20/2016,Wed,2072,0.86,0,0,137,841,1974
4445114986,4/21/2016,Thu,3809,1.59,0,0,215,756,2150
4445114986,4/22/2016,Fri,6831,2.85,0,0,317,706,2432
4445114986,4/23/2016,Sat,4363,1.82,0,0,201,1239,2149
4445114986,4/24/2016,Sun,5002,2.09,0,0,244,1196,2247
4445114986,4/25/2016,Mon,3385,1.41,0,0,179,916,2070
4445114986,4/26/2016,Tue,6326,2.74,29,1,180,839,2291
4445114986,4/27/2016,Wed,7243,3.13,32,1,194,839,2361
4445114986,4/28/2016,Thu,4493,1.87,0,0,236,762,2203
4445114986,4/29/2016,Fri,4676,1.95,0,0,226,1106,2196
4445114986,4/30/2016,Sat,6222,2.6,0,0,290,797,2363
4445114986,5/1/2016,Sun,5232,2.18,0,0,240,741,2246
4445114986,5/2/2016,Mon,6910,2.95,27,4,200,667,2336
4445114986,5/3/2016,Tue,7502,3.22,30,2,233,725,2421
4445114986,5/4/2016,Wed,2923,1.22,0,0,180,897,2070
4445114986,5/5/2016,Thu,3800,1.58,2,6,185,734,2120
4445114986,5/6/2016,Fri,4514,1.88,0,0,229,809,2211
4445114986,5/7/2016,Sat,5183,2.23,26,4,108,866,2123
4445114986,5/8/2016,Sun,7303,3.04,0,8,308,733,2423
4445114986,5/9/2016,Mon,5275,2.2,0,0,266,641,2281
4445114986,5/10/2016,Tue,3915,1.63,0,0,231,783,2181
4445114986,5/11/2016,Wed,9105,3.8,34,22,232,622,2499
4445114986,5/12/2016,Thu,768,0.32,0,0,58,380,1212
4558609924,4/12/2016,Tue,5135,2.11,0,0,318,1122,1909
4558609924,4/13/2016,Wed,4978,2.04,19,7,127,1287,1722
4558609924,4/14/2016,Thu,6799,2.79,0,0,279,1161,1922
4558609924,4/15/2016,Fri,7795,3.2,17,30,262,1131,2121
4558609924,4/16/2016,Sat,7289,3.0,8,12,308,1112,1997
4558609924,4/17/2016,Sun,9634,3.98,7,19,304,1110,2117
4558609924,4/18/2016,Mon,8940,3.67,14,15,331,1080,2116
4558609924,4/19/2016,Tue,5401,2.22,1,9,248,1182,1876
4558609924,4/20/2016,Wed,4803,1.97,0,0,222,1218,1788
4558609924,4/21/2016,Thu,13743,5.64,6,21,432,844,2486
4558609924,4/22/2016,Fri,9601,3.95,20,25,273,1122,2094
4558609924,4/23/2016,Sat,6890,2.83,5,5,308,1122,2085
4558609924,4/24/2016,Sun,8563,3.52,0,0,395,1045,2173
4558609924,4/25/2016,Mon,8095,3.32,18,10,340,993,2225
4558609924,4/26/2016,Tue,9148,3.76,12,41,283,1062,2223
4558609924,4/27/2016,Wed,9557,3.93,27,14,312,1087,2098
4558609924,4/28/2016,Thu,9451,3.88,1,11,367,985,2185
4558609924,4/29/2016,Fri,7833,3.22,15,29,197,1096,1918
4558609924,4/30/2016,Sat,10319,4.24,7,29,293,1111,2105
4558609924,5/1/2016,Sun,3428,1.41,0,0,190,1121,1692
4558609924,5/2/2016,Mon,7891,3.24,0,0,383,1057,2066
4558609924,5/3/2016,Tue,5267,2.16,21,10,237,1172,1953
4558609924,5/4/2016,Wed,5232,2.15,0,0,252,1188,1842
4558609924,5/5/2016,Thu,10611,4.36,14,8,370,1048,2262
4558609924,5/6/2016,Fri,3755,1.54,0,0,202,1238,1722
4558609924,5/7/2016,Sat,8237,3.38,23,16,233,1116,1973
4558609924,5/8/2016,Sun,6543,2.69,66,35,238,1019,2666
4558609924,5/9/2016,Mon,11451,4.7,6,30,339,1065,2223
4558609924,5/10/2016,Tue,6435,2.64,11,18,220,1191,1889
4558609924,5/11/2016,Wed,9108,3.74,4,31,324,1081,2131
4558609924,5/12/2016,Thu,6307,2.59,0,0,247,736,1452
4702921684,4/12/2016,Tue,7213,3.65,0,0,263,718,2947
4702921684,4/13/2016,Wed,6877,3.47,0,0,258,777,2898
4702921684,4/14/2016,Thu,7860,3.96,0,0,271,772,2984
4702921684,4/15/2016,Fri,6506,3.28,1,8,256,944,2896
4702921684,4/16/2016,Sat,11140,5.61,3,24,335,556,3328
4702921684,4/17/2016,Sun,12692,6.39,12,66,302,437,3394
4702921684,4/18/2016,Mon,9105,4.59,22,30,191,890,3013
4702921684,4/19/2016,Tue,6708,3.38,10,8,179,757,2812
4702921684,4/20/2016,Wed,8793,4.43,2,29,260,717,3061
4702921684,4/21/2016,Thu,6530,3.29,4,41,144,901,2729
4702921684,4/22/2016,Fri,1664,0.84,0,0,72,1341,2241
4702921684,4/23/2016,Sat,15126,7.62,9,66,408,469,3691
4702921684,4/24/2016,Sun,15050,7.59,15,95,281,542,3538
4702921684,4/25/2016,Mon,9167,4.62,6,15,270,730,3064
4702921684,4/26/2016,Tue,6108,3.08,1,8,216,765,2784
4702921684,4/27/2016,Wed,7047,3.55,1,16,238,733,2908
4702921684,4/28/2016,Thu,9023,4.55,14,9,232,738,3033
4702921684,4/29/2016,Fri,9930,5.0,12,19,267,692,3165
4702921684,4/30/2016,Sat,10144,5.11,4,36,263,728,3115
4702921684,5/2/2016,Mon,7245,3.68,5,40,195,1131,2859
4702921684,5/3/2016,Tue,9454,4.77,0,0,313,729,3145
4702921684,5/4/2016,Wed,8161,4.11,4,15,251,757,3004
4702921684,5/5/2016,Thu,8614,4.34,8,5,241,745,3006
4702921684,5/6/2016,Fri,6943,3.5,1,16,207,682,2859
4702921684,5/7/2016,Sat,14370,7.24,5,46,439,577,3683
4702921684,5/8/2016,Sun,12857,6.48,9,125,192,1019,3287
4702921684,5/9/2016,Mon,8232,4.15,0,12,253,746,2990
4702921684,5/10/2016,Tue,10613,5.35,1,37,262,701,3172
4702921684,5/11/2016,Wed,9810,4.95,10,41,235,784,3069
4702921684,5/12/2016,Thu,2752,1.39,0,0,68,241,1240
5553957443,4/12/2016,Tue,11596,4.7,19,13,277,767,2026
5553957443,4/13/2016,Wed,4832,1.96,0,0,226,647,1718
5553957443,4/14/2016,Thu,17022,6.91,61,41,256,693,2324
5553957443,4/15/2016,Fri,16556,6.75,58,38,239,689,2254
5553957443,4/16/2016,Sat,5771,2.34,0,0,288,521,1831
5553957443,4/17/2016,Sun,655,0.27,0,0,46,943,1397
5553957443,4/18/2016,Mon,3727,1.51,0,0,206,622,1683
5553957443,4/19/2016,Tue,15482,6.28,69,28,249,756,2284
5553957443,4/20/2016,Wed,2713,1.1,0,0,148,598,1570
5553957443,4/21/2016,Thu,12346,5.01,47,42,177,801,2066
5553957443,4/22/2016,Fri,11682,4.74,25,16,270,781,2105
5553957443,4/23/2016,Sat,4112,1.67,0,0,272,443,1776
5553957443,4/24/2016,Sun,1807,0.73,0,0,104,582,1507
5553957443,4/25/2016,Mon,10946,4.47,51,11,201,732,2033
5553957443,4/26/2016,Tue,11886,4.82,40,18,238,750,2093
5553957443,4/27/2016,Wed,10538,4.28,16,16,206,745,1922
5553957443,4/28/2016,Thu,11393,4.74,49,13,165,727,1999
5553957443,4/29/2016,Fri,12764,5.18,46,15,270,709,2169
5553957443,4/30/2016,Sat,1202,0.48,0,0,84,506,1463
5553957443,5/1/2016,Sun,5164,2.09,0,0,237,436,1747
5553957443,5/2/2016,Mon,9769,3.96,23,9,227,724,1996
5553957443,5/3/2016,Tue,12848,5.21,26,29,247,812,2116
5553957443,5/4/2016,Wed,4249,1.72,0,0,224,651,1698
5553957443,5/5/2016,Thu,14331,5.91,44,29,241,692,2156
5553957443,5/6/2016,Fri,9632,3.91,21,9,229,761,1916
5553957443,5/7/2016,Sat,1868,0.76,0,0,96,902,1494
5553957443,5/8/2016,Sun,6083,2.49,3,8,210,505,1762
5553957443,5/9/2016,Mon,11611,4.71,59,22,251,667,2272
5553957443,5/10/2016,Tue,16358,6.65,61,40,265,707,2335
5553957443,5/11/2016,Wed,4926,2.0,0,0,195,628,1693
5553957443,5/12/2016,Thu,3121,1.27,8,6,48,222,741
5577150313,4/12/2016,Tue,8135,3.78,86,16,140,728,3405
5577150313,4/13/2016,Wed,5077,2.35,15,11,144,776,2551
5577150313,4/14/2016,Thu,8596,3.99,118,30,176,662,4022
5577150313,4/15/2016,Fri,12087,5.64,115,54,199,695,4005
5577150313,4/16/2016,Sat,14269,6.62,184,56,158,472,4274
5577150313,4/17/2016,Sun,12231,5.68,200,37,159,525,4552
5577150313,4/18/2016,Mon,9893,4.59,114,32,130,623,3625
5577150313,4/19/2016,Tue,12574,5.85,108,23,111,733,3501
5577150313,4/20/2016,Wed,8330,3.86,87,16,113,773,3192
5577150313,4/21/2016,Thu,10830,5.03,110,74,175,670,4018
5577150313,4/22/2016,Fri,9172,4.26,62,30,200,823,3329
5577150313,4/23/2016,Sat,7638,3.55,24,24,223,627,3152
5577150313,4/24/2016,Sun,15764,7.32,210,65,141,425,4392
5577150313,4/25/2016,Mon,6393,2.97,61,38,214,743,3374
5577150313,4/26/2016,Tue,5325,2.47,38,32,181,759,3088
5577150313,4/27/2016,Wed,6805,3.19,63,16,190,773,3294
5577150313,4/28/2016,Thu,9841,4.62,99,51,141,692,3580
5577150313,4/29/2016,Fri,7924,3.68,97,36,165,739,3544
5577150313,4/30/2016,Sat,12363,5.74,207,45,163,621,4501
5577150313,5/1/2016,Sun,13368,6.21,194,72,178,499,4546
5577150313,5/2/2016,Mon,7439,3.45,37,20,235,732,3014
5577150313,5/3/2016,Tue,11045,5.13,97,8,212,580,3795
5577150313,5/4/2016,Wed,5206,2.42,25,9,141,631,2755
5577150313,5/5/2016,Thu,7550,3.5,45,21,143,1153,3004
5577150313,5/6/2016,Fri,4950,2.3,41,16,79,1304,2643
5577150313,5/9/2016,Mon,3421,1.59,34,11,70,1099,2489
5577150313,5/10/2016,Tue,8869,4.13,104,37,194,639,3841
5577150313,5/11/2016,Wed,4038,1.89,45,15,63,257,1665
6117666160,4/15/2016,Fri,14019,6.58,0,6,513,921,2865
6117666160,4/16/2016,Sat,14450,6.78,7,15,518,502,2828
6117666160,4/17/2016,Sun,7150,3.36,0,0,312,702,2225
6117666160,4/18/2016,Mon,5153,2.43,0,0,241,759,2018
6117666160,4/19/2016,Tue,11135,5.23,0,0,480,425,2606
6117666160,4/20/2016,Wed,10449,4.98,26,10,349,587,2536
6117666160,4/21/2016,Thu,19542,9.33,11,19,294,579,4900
6117666160,4/22/2016,Fri,8206,3.85,0,0,402,413,2409
6117666160,4/23/2016,Sat,11495,5.39,0,0,512,468,2651
6117666160,4/24/2016,Sun,7623,3.58,0,0,362,711,2305
6117666160,4/26/2016,Tue,9543,4.48,0,7,352,1077,2450
6117666160,4/27/2016,Wed,9411,4.42,0,0,458,417,2576
6117666160,4/28/2016,Thu,3403,1.62,0,0,141,758,1879
6117666160,4/29/2016,Fri,9592,4.5,0,0,461,479,2560
6117666160,4/30/2016,Sat,6987,3.28,0,0,343,1040,2275
6117666160,5/1/2016,Sun,8915,4.18,0,0,397,525,2361
6117666160,5/2/2016,Mon,4933,2.32,0,0,236,1204,2044
6117666160,5/4/2016,Wed,2997,1.4,0,0,156,1279,1902
6117666160,5/5/2016,Thu,9799,4.6,0,0,487,479,2636
6117666160,5/6/2016,Fri,3365,1.67,0,0,133,673,1838
6117666160,5/7/2016,Sat,7336,3.44,0,0,412,456,2469
6117666160,5/8/2016,Sun,7328,3.44,0,0,318,517,2250
6117666160,5/9/2016,Mon,4477,2.1,0,0,197,125,1248
6290855005,4/12/2016,Tue,4562,2.14,0,0,199,1241,2560
6290855005,4/13/2016,Wed,7142,3.36,0,0,350,1090,2905
6290855005,4/14/2016,Thu,7671,3.6,0,0,363,1077,2952
6290855005,4/15/2016,Fri,9501,4.46,0,0,328,1112,2896
6290855005,4/16/2016,Sat,8301,3.9,0,0,258,1182,2783
6290855005,4/17/2016,Sun,7851,3.69,31,12,225,1172,3171
6290855005,4/18/2016,Mon,6885,3.24,0,0,271,1169,2766
6290855005,4/19/2016,Tue,7142,3.36,0,0,321,1119,2839
6290855005,4/20/2016,Wed,6361,2.99,0,0,258,1182,2701
6290855005,4/22/2016,Fri,6238,2.93,0,0,302,1138,2796
6290855005,4/24/2016,Sun,5896,2.77,0,0,258,1182,2703
6290855005,4/25/2016,Mon,7802,3.67,8,3,249,1180,2771
6290855005,4/27/2016,Wed,5565,2.62,0,0,287,1153,2743
6290855005,4/28/2016,Thu,5731,2.69,0,0,255,1185,2687
6290855005,4/30/2016,Sat,6744,3.17,0,0,324,1116,2843
6290855005,5/1/2016,Sun,9837,4.62,8,95,282,1055,3327
6290855005,5/2/2016,Mon,6781,3.19,0,0,268,1172,2725
6290855005,5/3/2016,Tue,6047,2.84,0,0,240,1200,2671
6290855005,5/4/2016,Wed,5832,2.74,0,0,272,1168,2718
6290855005,5/5/2016,Thu,6339,2.98,0,0,239,1201,2682
6290855005,5/6/2016,Fri,6116,2.87,0,0,305,1135,2806
6290855005,5/7/2016,Sat,5510,2.59,0,0,227,1213,2613
6290855005,5/8/2016,Sun,7706,3.62,0,0,251,1189,2712
6290855005,5/9/2016,Mon,6277,2.95,0,0,264,800,2175
6775888955,4/13/2016,Wed,4053,1.81,17,18,85,1053,2400
6775888955,4/14/2016,Thu,5162,2.3,14,24,105,863,2507
6775888955,4/15/2016,Fri,1282,0.57,0,0,58,976,2127
6775888955,4/16/2016,Sat,4732,2.11,36,18,9,1377,2225
6775888955,4/17/2016,Sun,2497,1.11,5,24,19,1392,2067
6775888955,4/18/2016,Mon,8294,3.7,30,31,146,1233,2798
6775888955,4/20/2016,Wed,10771,4.8,70,113,178,1079,3727
6775888955,4/22/2016,Fri,637,0.29,0,0,20,1420,1922
6775888955,4/24/2016,Sun,2153,0.96,11,18,11,1400,2053
6775888955,4/25/2016,Mon,6474,2.88,33,13,92,1302,2484
6775888955,4/26/2016,Tue,7091,3.27,42,30,47,1321,2584
6775888955,4/28/2016,Thu,703,0.31,2,13,15,1410,1993
6775888955,4/30/2016,Sat,2503,1.11,3,9,84,1344,2280
6775888955,5/1/2016,Sun,2487,1.11,9,34,50,1347,2319
6775888955,5/6/2016,Fri,4697,2.09,12,35,75,1318,2496
6775888955,5/7/2016,Sat,1967,0.88,2,5,49,551,1032
6962181067,4/12/2016,Tue,10199,4.19,50,14,189,796,1994
6962181067,4/13/2016,Wed,5652,2.32,8,24,142,548,1718
6962181067,4/14/2016,Thu,1551,0.64,0,0,86,862,1466
6962181067,4/15/2016,Fri,5563,2.29,0,0,217,837,1756
6962181067,4/16/2016,Sat,13217,5.43,50,3,280,741,2173
6962181067,4/17/2016,Sun,10145,4.17,5,13,295,634,2027
6962181067,4/18/2016,Mon,11404,4.69,13,42,238,689,2039
6962181067,4/19/2016,Tue,10742,4.41,35,41,195,659,2046
6962181067,4/20/2016,Wed,13928,5.93,48,4,297,639,2174
6962181067,4/21/2016,Thu,11835,6.03,53,27,214,708,2179
6962181067,4/22/2016,Fri,10725,4.41,30,33,240,659,2086
6962181067,4/23/2016,Sat,20031,8.23,58,41,347,484,2571
6962181067,4/24/2016,Sun,5029,2.06,0,0,199,720,1705
6962181067,4/25/2016,Mon,13239,5.76,35,31,282,637,2194
6962181067,4/26/2016,Tue,10433,4.29,36,7,254,680,2012
6962181067,4/27/2016,Wed,10320,4.24,7,38,279,697,2034
6962181067,4/28/2016,Thu,12627,5.19,38,8,288,621,2182
6962181067,4/29/2016,Fri,10762,4.42,12,15,369,645,2254
6962181067,4/30/2016,Sat,10081,4.14,32,16,237,731,2002
6962181067,5/1/2016,Sun,5454,2.24,0,0,215,722,1740
6962181067,5/2/2016,Mon,12912,5.31,18,39,313,655,2162
6962181067,5/3/2016,Tue,12109,5.05,21,36,267,654,2072
6962181067,5/4/2016,Wed,10147,4.17,15,36,284,683,2086
6962181067,5/5/2016,Thu,10524,4.32,14,22,305,591,2066
6962181067,5/6/2016,Fri,5908,2.43,0,0,299,717,1850
6962181067,5/7/2016,Sat,6815,2.8,0,0,328,745,1947
6962181067,5/8/2016,Sun,4188,1.72,0,14,151,709,1659
6962181067,5/9/2016,Mon,12342,5.42,43,21,231,607,2105
6962181067,5/10/2016,Tue,15448,6.34,62,34,275,626,2361
6962181067,5/11/2016,Wed,6722,2.76,24,7,199,709,1855
6962181067,5/12/2016,Thu,3587,1.47,0,8,105,127,928
7007744171,4/12/2016,Tue,14172,6.39,53,8,355,1024,2937
7007744171,4/13/2016,Wed,12862,6.0,56,22,261,1101,2742
7007744171,4/14/2016,Thu,11179,5.12,34,6,304,1096,2668
7007744171,4/15/2016,Fri,5273,2.19,0,0,202,1238,2098
7007744171,4/16/2016,Sat,4631,1.93,0,0,203,1155,2076
7007744171,4/17/2016,Sun,8059,3.35,0,0,305,1135,2383
7007744171,4/18/2016,Mon,14816,6.82,48,31,284,1077,2832
7007744171,4/19/2016,Tue,14194,6.51,53,17,304,1066,2812
7007744171,4/20/2016,Wed,15566,7.03,60,33,347,1000,3096
7007744171,4/21/2016,Thu,13744,5.71,30,34,327,1049,2763
7007744171,4/22/2016,Fri,15299,6.36,64,50,261,1065,2889
7007744171,4/23/2016,Sat,8093,3.36,2,25,223,1190,2284
7007744171,4/24/2016,Sun,11085,4.61,0,0,419,1021,2667
7007744171,4/25/2016,Mon,18229,8.29,51,24,379,986,3055
7007744171,4/26/2016,Tue,15090,6.28,16,22,424,978,2939
7007744171,4/27/2016,Wed,13541,6.35,50,12,337,1041,2830
7007744171,4/28/2016,Thu,15128,6.29,16,16,401,1007,2836
7007744171,4/29/2016,Fri,20067,8.89,55,42,382,961,3180
7007744171,4/30/2016,Sat,3761,1.57,0,0,200,1240,2051
7007744171,5/1/2016,Sun,5600,2.33,0,0,237,1142,2225
7007744171,5/2/2016,Mon,13041,5.7,64,14,250,1112,2642
7007744171,5/3/2016,Tue,14510,6.75,58,31,330,1021,2976
7007744171,5/5/2016,Thu,15010,6.9,53,23,317,1047,2933
7007744171,5/6/2016,Fri,11459,4.77,44,13,247,1136,2553
7086361926,4/12/2016,Tue,11317,5.23,59,6,153,745,2772
7086361926,4/13/2016,Wed,5813,2.25,31,26,155,744,2516
7086361926,4/14/2016,Thu,9123,3.8,35,32,189,787,2734
7086361926,4/15/2016,Fri,8585,3.52,30,21,139,864,2395
7086361926,4/18/2016,Mon,9827,4.17,61,51,114,1136,2743
7086361926,4/19/2016,Tue,10688,4.53,67,69,124,671,2944
7086361926,4/20/2016,Wed,14365,6.61,87,13,145,797,2997
7086361926,4/21/2016,Thu,9469,3.84,19,6,206,758,2463
7086361926,4/22/2016,Fri,9753,4.06,58,59,153,762,2846
7086361926,4/23/2016,Sat,2817,1.12,0,0,90,1350,1965
7086361926,4/24/2016,Sun,3520,1.34,0,0,125,566,2049
7086361926,4/25/2016,Mon,10091,4.24,69,39,129,706,2752
7086361926,4/26/2016,Tue,10387,4.39,70,33,132,726,2781
7086361926,4/27/2016,Wed,11107,5.18,55,6,145,829,2693
7086361926,4/28/2016,Thu,11584,4.85,54,48,161,810,2862
7086361926,4/29/2016,Fri,7881,3.08,24,36,182,1198,2616
7086361926,4/30/2016,Sat,14560,5.85,42,17,308,584,2995
7086361926,5/1/2016,Sun,12390,5.01,30,15,258,685,2730
7086361926,5/2/2016,Mon,10052,4.23,66,26,139,737,2754
7086361926,5/3/2016,Tue,10288,4.2,57,36,152,761,2754
7086361926,5/4/2016,Wed,10988,5.16,45,12,135,843,2655
7086361926,5/5/2016,Thu,8564,3.48,24,14,149,1253,2386
7086361926,5/6/2016,Fri,12461,5.21,84,35,154,834,2924
7086361926,5/7/2016,Sat,12827,5.27,20,42,209,621,2739
7086361926,5/8/2016,Sun,10677,4.41,32,27,147,695,2534
7086361926,5/9/2016,Mon,13566,5.66,67,50,171,743,2960
7086361926,5/10/2016,Tue,14433,6.7,72,23,106,1182,2800
7086361926,5/11/2016,Wed,9572,4.05,57,40,128,757,2735
7086361926,5/12/2016,Thu,3789,1.59,5,4,58,343,1199
8053475328,4/12/2016,Tue,18060,8.77,116,8,123,1193,3186
8053475328,4/13/2016,Wed,16433,8.3,95,12,156,1177,3140
8053475328,4/14/2016,Thu,20159,9.92,119,5,193,1123,3411
8053475328,4/15/2016,Fri,20669,10.09,132,8,158,1142,3410
8053475328,4/16/2016,Sat,14549,6.9,96,6,83,1255,2867
8053475328,4/17/2016,Sun,18827,8.51,111,21,195,1113,3213
8053475328,4/18/2016,Mon,17076,7.87,102,6,195,1137,3133
8053475328,4/19/2016,Tue,15929,7.75,90,7,191,1152,3114
8053475328,4/20/2016,Wed,15108,7.57,89,5,158,695,3043
8053475328,4/21/2016,Thu,16057,7.77,100,6,170,1164,3103
8053475328,4/22/2016,Fri,10520,5.15,60,3,117,1260,2655
8053475328,4/23/2016,Sat,22359,10.68,125,14,223,741,3554
8053475328,4/24/2016,Sun,22988,11.15,129,33,182,1096,3577
8053475328,4/25/2016,Mon,20500,9.75,118,9,209,1104,3403
8053475328,4/26/2016,Tue,12685,5.98,68,5,185,1182,2846
8053475328,4/27/2016,Wed,12422,6.1,60,10,183,1187,2852
8053475328,4/28/2016,Thu,15447,7.71,90,9,153,1188,3062
8053475328,4/29/2016,Fri,12315,6.0,58,8,159,1215,2794
8053475328,4/30/2016,Sat,7135,3.47,27,1,131,1281,2408
8053475328,5/1/2016,Sun,1170,0.53,0,0,51,1389,1886
8053475328,5/2/2016,Mon,1969,0.89,0,0,95,1345,1988
8053475328,5/3/2016,Tue,15484,7.39,87,22,165,1166,3023
8053475328,5/4/2016,Wed,14581,6.93,89,8,123,1220,2918
8053475328,5/5/2016,Thu,14990,7.15,93,9,130,1208,2950
8053475328,5/6/2016,Fri,13953,6.84,90,15,90,1245,2859
8053475328,5/7/2016,Sat,19769,9.74,121,20,148,1076,3331
8053475328,5/8/2016,Sun,22026,10.97,125,14,228,1073,3589
8053475328,5/9/2016,Mon,12465,5.83,66,12,148,1214,2765
8053475328,5/10/2016,Tue,14810,7.06,96,10,115,1219,2926
8053475328,5/11/2016,Wed,12209,5.84,60,7,184,1189,2809
8053475328,5/12/2016,Thu,4998,2.43,28,4,39,839,1505
8253242879,4/12/2016,Tue,9033,4.45,40,2,154,1244,2044
8253242879,4/13/2016,Wed,8053,3.79,35,11,96,1298,1935
8253242879,4/14/2016,Thu,5234,2.15,29,16,33,1362,1705
8253242879,4/15/2016,Fri,2672,1.1,0,0,105,1335,1632
8253242879,4/16/2016,Sat,9256,3.82,6,51,115,1268,1880
8253242879,4/17/2016,Sun,10204,4.92,41,5,157,1237,2112
8253242879,4/18/2016,Mon,5151,2.16,16,16,130,1278,1829
8253242879,4/19/2016,Tue,4212,1.73,0,0,164,1276,1763
8253242879,4/20/2016,Wed,6466,2.65,5,18,216,1201,1931
8253242879,4/21/2016,Thu,11268,5.32,49,20,172,1199,2218
8253242879,4/22/2016,Fri,2824,1.16,0,0,120,1320,1651
8253242879,4/23/2016,Sat,9282,3.89,30,26,191,1193,2132
8253242879,4/24/2016,Sun,8905,4.43,41,4,82,1313,1976
8253242879,4/25/2016,Mon,6829,2.8,7,54,118,1261,1909
8253242879,4/26/2016,Tue,4562,1.89,19,14,108,1299,1813
8253242879,4/27/2016,Wed,10232,5.08,45,5,104,1286,2008
8253242879,4/28/2016,Thu,2718,1.12,11,16,20,1393,1580
8253242879,4/29/2016,Fri,6260,2.65,16,14,136,1257,1854
8378563200,4/12/2016,Tue,7626,3.76,65,15,156,723,3635
8378563200,4/13/2016,Wed,12386,6.1,116,14,169,680,4079
8378563200,4/14/2016,Thu,13318,6.56,123,21,174,699,4163
8378563200,4/15/2016,Fri,14461,7.13,60,23,190,729,3666
8378563200,4/16/2016,Sat,11207,5.52,64,21,142,563,3363
8378563200,4/17/2016,Sun,2132,1.05,0,0,93,599,2572
8378563200,4/18/2016,Mon,13630,6.72,117,10,174,720,4157
8378563200,4/19/2016,Tue,13070,6.44,120,19,154,737,4092
8378563200,4/20/2016,Wed,9388,4.62,82,8,169,763,3787
8378563200,4/21/2016,Thu,15148,7.46,137,16,145,677,4236
8378563200,4/22/2016,Fri,12200,6.01,113,12,159,769,4044
8378563200,4/23/2016,Sat,5709,2.81,19,10,136,740,2908
8378563200,4/24/2016,Sun,3703,1.83,0,0,135,734,2741
8378563200,4/25/2016,Mon,12405,6.11,117,16,141,692,4005
8378563200,4/26/2016,Tue,16208,7.98,90,18,161,593,3763
8378563200,4/27/2016,Wed,7359,3.63,4,4,192,676,3061
8378563200,4/28/2016,Thu,5417,2.67,11,10,139,711,2884
8378563200,4/29/2016,Fri,6175,3.04,3,7,172,767,2982
8378563200,4/30/2016,Sat,2946,1.45,0,0,121,780,2660
8378563200,5/1/2016,Sun,11419,5.63,71,10,127,669,3369
8378563200,5/2/2016,Mon,6064,2.99,63,4,142,802,3491
8378563200,5/3/2016,Tue,8712,4.29,71,20,195,822,3784
8378563200,5/4/2016,Wed,7875,3.88,19,10,167,680,3110
8378563200,5/5/2016,Thu,8567,4.22,66,3,214,764,3783
8378563200,5/6/2016,Fri,7045,3.47,74,5,166,831,3644
8378563200,5/7/2016,Sat,4468,2.2,0,0,158,851,2799
8378563200,5/8/2016,Sun,2943,1.45,0,0,139,621,2685
8378563200,5/9/2016,Mon,8382,4.13,71,13,171,772,3721
8378563200,5/10/2016,Tue,6582,3.24,63,13,152,840,3586
8378563200,5/11/2016,Wed,9143,4.5,72,10,184,763,3788
8378563200,5/12/2016,Thu,4561,2.25,8,6,102,433,1976
8583815059,4/12/2016,Tue,5014,2.43,0,7,196,1237,2650
8583815059,4/13/2016,Wed,5571,2.7,2,23,163,1252,2654
8583815059,4/14/2016,Thu,3135,1.52,0,0,134,1306,2443
8583815059,4/15/2016,Fri,3430,1.67,0,0,65,1375,2505
8583815059,4/16/2016,Sat,5319,2.58,0,0,0,1440,2693
8583815059,4/17/2016,Sun,3008,1.46,0,0,0,1440,2439
8583815059,4/18/2016,Mon,3864,1.87,4,22,105,1309,2536
8583815059,4/19/2016,Tue,5697,2.76,7,10,166,1257,2668
8583815059,4/20/2016,Wed,5273,2.55,0,27,167,1246,2647
8583815059,4/21/2016,Thu,8538,4.14,35,18,158,1229,2883
8583815059,4/22/2016,Fri,8687,4.21,4,54,212,1170,2944
8583815059,4/23/2016,Sat,9423,4.57,7,44,238,1151,3012
8583815059,4/24/2016,Sun,8286,4.01,2,44,206,1188,2889
8583815059,4/25/2016,Mon,4503,2.18,18,6,122,1294,2547
8583815059,4/26/2016,Tue,10499,5.09,1,91,214,1134,3093
8583815059,4/27/2016,Wed,12474,6.05,77,5,129,1229,3142
8583815059,4/28/2016,Thu,6174,3.0,0,28,203,1209,2757
8583815059,4/29/2016,Fri,15168,7.35,46,67,258,1069,3513
8583815059,4/30/2016,Sat,10085,4.89,2,28,317,1093,3164
8583815059,5/1/2016,Sun,4512,2.19,10,2,117,1311,2596
8583815059,5/2/2016,Mon,8469,4.11,0,0,0,1440,2894
8583815059,5/3/2016,Tue,12015,5.82,0,0,0,1440,3212
8583815059,5/4/2016,Wed,3588,1.74,0,0,0,1440,2516
8583815059,5/5/2016,Thu,12427,6.02,0,0,70,1370,3266
8583815059,5/6/2016,Fri,5843,2.83,2,22,166,1250,2683
8583815059,5/7/2016,Sat,6117,2.96,0,0,250,1190,2810
8583815059,5/8/2016,Sun,9217,4.47,3,72,182,1183,2940
8583815059,5/9/2016,Mon,9877,4.78,66,4,110,1260,2947
8583815059,5/10/2016,Tue,8240,4.0,9,43,162,1226,2846
8583815059,5/11/2016,Wed,8701,4.22,5,71,177,1106,2804
8792009665,4/12/2016,Tue,2564,1.02,0,0,116,831,2044
8792009665,4/13/2016,Wed,1320,0.52,0,0,82,806,1934
8792009665,4/14/2016,Thu,1219,0.48,0,0,84,853,1963
8792009665,4/15/2016,Fri,2483,0.99,0,0,126,937,2009
8792009665,4/20/2016,Wed,3147,1.25,0,10,139,744,2188
8792009665,4/22/2016,Fri,4068,1.62,1,20,195,817,2419
8792009665,4/23/2016,Sat,5245,2.09,8,45,232,795,2748
8792009665,4/26/2016,Tue,1321,0.53,0,0,80,1360,1928
8792009665,4/27/2016,Wed,1758,0.7,0,0,112,900,2067
8792009665,4/28/2016,Thu,6157,2.45,0,0,310,714,2780
8792009665,4/29/2016,Fri,8360,3.32,6,14,380,634,3101
8792009665,4/30/2016,Sat,7174,2.85,10,20,301,749,2896
8792009665,5/1/2016,Sun,1619,0.65,0,0,79,834,1962
8792009665,5/2/2016,Mon,1831,0.73,0,0,101,916,2015
8792009665,5/3/2016,Tue,2421,0.96,0,0,156,739,2297
8792009665,5/4/2016,Wed,2283,0.91,0,0,129,848,2067
8877689391,4/12/2016,Tue,23186,12.68,85,7,312,1036,3921
8877689391,4/13/2016,Wed,15337,5.95,108,18,216,1098,3566
8877689391,4/14/2016,Thu,21129,11.79,68,13,298,1061,3793
8877689391,4/15/2016,Fri,13422,4.46,106,1,281,1052,3934
8877689391,4/16/2016,Sat,29326,15.71,94,29,429,888,4547
8877689391,4/17/2016,Sun,15118,5.51,58,15,307,1060,3545
8877689391,4/18/2016,Mon,11423,5.39,29,5,191,1215,2761
8877689391,4/19/2016,Tue,18785,10.81,82,13,214,1131,3676
8877689391,4/20/2016,Wed,19948,11.25,73,19,225,1123,3679
8877689391,4/21/2016,Thu,19377,10.95,82,13,226,1119,3659
8877689391,4/22/2016,Fri,18258,10.13,61,2,236,1141,3427
8877689391,4/23/2016,Sat,11200,4.62,102,6,300,1032,3891
8877689391,4/24/2016,Sun,16674,9.78,64,1,227,1148,3455
8877689391,4/25/2016,Mon,12986,5.43,113,8,218,1101,3802
8877689391,4/26/2016,Tue,11101,5.24,22,3,258,1157,2860
8877689391,4/27/2016,Wed,23629,12.83,93,8,235,1104,3808
8877689391,4/28/2016,Thu,14890,7.02,58,8,231,1143,3060
8877689391,4/29/2016,Fri,9733,4.59,18,5,210,1207,2698
8877689391,4/30/2016,Sat,27745,16.6,124,4,223,1089,4398
8877689391,5/1/2016,Sun,10930,5.17,36,12,166,1226,2786
8877689391,5/2/2016,Mon,4790,2.26,0,0,105,1335,2189
8877689391,5/3/2016,Tue,10818,5.1,19,3,229,1189,2817
8877689391,5/4/2016,Wed,18193,10.13,66,8,212,1154,3477
8877689391,5/5/2016,Thu,14055,6.63,67,15,188,1170,3052
8877689391,5/6/2016,Fri,21727,12.02,96,17,232,1095,4015
8877689391,5/7/2016,Sat,12332,5.05,105,28,271,1036,4142
8877689391,5/8/2016,Sun,10686,5.04,17,4,245,1174,2847
8877689391,5/9/2016,Mon,20226,11.34,73,19,217,1131,3710
8877689391,5/10/2016,Tue,10733,5.06,18,11,224,1187,2832
8877689391,5/11/2016,Wed,21420,12.15,88,12,213,1127,3832
8877689391,5/12/2016,Thu,8064,3.8,23,1,137,770,1849
